ID,post_title,post_excerpt,post_status,post_date,post_author,discount_type,coupon_amount,individual_use,product_ids,product_SKUs,exclude_product_ids,exclude_product_SKUs,usage_count,usage_limit,usage_limit_per_user,limit_usage_to_x_items,date_expires,free_shipping,exclude_sale_items,product_categories,exclude_product_categories,minimum_amount,maximum_amount,customer_email
36234,ccell2020,,publish,"2019-02-22 17:29:25",5665,percent,10,yes,,,,,707,0,1,0,2020-11-09,no,no,,,,150,
36751,march19,,publish,"2019-03-07 17:15:56",5739,percent,15,yes,,,,,10,0,1,0,2019-03-09,no,no,,,,150.00,
37107,CLOAK15,,publish,"2019-03-15 16:45:54",5739,percent,15,yes,,,,,14,0,1,0,2019-03-18,no,no,,,,150,
37213,Welcome15,,publish,"2019-03-18 09:59:36",5739,percent,15,yes,,,,,42,0,1,0,2019-04-07,no,no,,,,150,
37875,welcome2020,,publish,"2019-04-06 19:31:19",5739,percent,10,yes,,,,,2026,0,1,0,2021-01-21,no,no,,,,150,
38416,420special,,publish,"2019-04-19 09:49:46",5673,percent,20,yes,,,,,33,0,1,0,2019-04-21,no,yes,,,,200,
38764,Weekend15,,publish,"2019-04-26 11:42:12",5820,percent,15,yes,,,,,4,0,1,0,2019-04-28,no,no,,,,150,
39678,TAKE15,,publish,"2019-05-16 08:31:46",5820,percent,15,yes,,,,,8,0,1,0,2019-05-20,no,no,,,,150,
39898,MEMORIAL20,,publish,"2019-05-22 10:00:05",5820,percent,20,yes,,,,,79,0,1,0,2019-05-27,no,no,,,,150,
40525,Rainbow15,,publish,"2019-06-07 11:45:01",5820,percent,15,yes,,,,,0,0,1,0,2019-06-09,no,no,,,,150,
41202,BIGMIAMI,,publish,"2019-06-19 11:32:33",5665,percent,10,yes,,,,,0,0,1,0,2019-08-26,no,no,,,,150,
41443,4JULY,,publish,"2019-06-27 16:45:29",5665,percent,15,yes,,,,,46,0,1,0,2019-07-05,no,no,,,,150,
42655,summer19,,publish,"2019-08-06 08:03:58",5665,percent,20,yes,,,,,24,0,0,0,2019-08-14,no,no,"CCELL® M3",,,150,
43092,KIT20,,publish,"2019-08-19 03:50:08",5665,percent,20,yes,,,,,0,0,1,0,2019-08-24,no,no,Kits,,,150,
43339,LABOR19,,publish,"2019-08-26 20:22:00",5665,percent,15,yes,,,,,86,0,1,0,2019-09-03,no,no,,,,150,
43456,giveawaysunflower,,publish,"2019-08-29 12:48:45",5665,fixed_cart,100.00,yes,,,,,1,1,1,0,2019-09-04,no,no,,,,,
44611,"HIGH PROMO",,publish,"2019-09-10 04:37:57",5665,percent,15,yes,,,,,25,0,1,0,2019-09-30,no,no,,,,150,
44613,HIGHPROMO,,publish,"2019-09-10 04:39:38",5665,percent,15,yes,,,,,28,0,1,0,2019-09-30,no,no,,,,150,
48662,oct15,"October 10 Flash Sale",publish,"2019-10-09 15:10:06",5673,percent,15,yes,,,,,34,0,1,0,2019-10-14,no,no,,,,,
49748,MM20,"Monday Madness",publish,"2019-10-18 09:46:03",5673,percent,20,yes,,,,,25,0,1,0,2019-10-22,no,no,,,,150,
50648,spooky15,"Halloween coupon for email users",publish,"2019-10-25 07:06:56",5673,percent,15,yes,,,,,39,0,1,0,2019-11-02,no,no,,,,0,
50977,ghost15,"Halloween coupon for text recipients",publish,"2019-10-28 13:00:59",5673,percent,15,yes,,,,,7,0,1,0,2019-11-02,no,no,,,,0,
51767,TestOne,,publish,"2019-11-03 14:21:02",5673,percent,5,yes,,,,,0,0,0,0,2020-06-23,no,no,,,,,
51994,NF15,"November Flash - 15% off",publish,"2019-11-05 07:08:01",5673,percent,15,yes,,,,,24,0,1,0,2019-11-07,no,no,,,,,
51995,NFT15,"November Flash  - Text - 15% off",publish,"2019-11-05 07:08:59",5673,percent,15,yes,,,,,3,0,1,0,2019-11-07,no,no,,,,,
53407,chronicalewinsky15,"Coupon code for @chronicalewinsky (added Ilumi launch)",publish,"2019-11-16 10:24:01",5673,percent,15,yes,,,,,110,0,0,0,2020-04-20,no,no,,,,,
53605,ShineOn,"Ilumi Launch - text campaign (Correct Answer) Expires 11/23",publish,"2019-11-18 11:13:05",5673,percent,25,yes,54031|54032|54033|54034|54068|53992|54013|54019|54025,,,,0,0,0,0,2019-11-25,no,no,,,,150,
53855,GoodGuess,"Ilumi Launch - text campaign (Incorrect Answer) Expires 11/23",publish,"2019-11-19 08:02:22",5673,percent,15,yes,,,,,1,0,0,0,2019-11-23,no,no,,,,150,
54106,IlumiShine,"Ilumi Launch - Email Campaign -  Expires 11/23",publish,"2019-11-20 08:51:11",5673,percent,15,yes,54031|54032|54033|54034|54068|53992|54013|54019|54025,,,,1,0,0,0,2019-11-23,no,no,,,,,
54107,ShineInsta,"Ilumi Launch - Instagram Campaign - Expires 11/21",publish,"2019-11-20 09:07:35",5673,percent,15,yes,54031|54032|54033|54034|54068|53992|54013|54019|54025,,,,1,0,0,0,2019-11-22,no,no,,,,,
54137,TryIlumi,"Ilumi Launch - text campaign (No Answer) Expires 11/23",publish,"2019-11-20 11:45:37",5673,percent,10,yes,54031|54032|54033|54034|54068|53992|54013|54019|54025,,,,1,0,0,0,2019-11-23,no,no,,,,150,
55312,BF20,"Black Friday Code on Website, Email, Text",publish,"2019-11-27 10:16:21",5673,percent,20,yes,,,,,132,0,0,0,2019-12-03,no,no,,,,150,
55730,smokesmall,"Small Business Saturday - Wholesalers code",publish,"2019-11-29 14:46:23",5673,percent,15,yes,,,,,0,0,0,0,2019-12-01,no,no,,,300,,
56822,MJBIZTXT,"Welcome text sequence for MJBizcon - 15% off w/ $150 cap",publish,"2019-12-05 08:12:15",5673,percent,15,yes,,,,,0,0,0,0,2019-12-17,yes,no,,,,150,
58430,HOLIDAYRUSH,"5% off - Last Day for Xmas Shipping (Text) 12/17",publish,"2019-12-17 08:36:54",5673,fixed_cart,5,yes,,,,,6,0,0,0,2019-12-19,no,no,,,,,
58609,HOLIDAYHIGH,"15% off - Last day to order - Email (12/18)",publish,"2019-12-18 08:06:26",5673,percent,15,yes,,,,,8,0,0,0,2019-12-19,no,no,,,,,
58622,HOLIDAZE,"10% off - Last day for Xmas shipping - Insta (12/18)",publish,"2019-12-18 09:03:49",5673,percent,10,yes,,,,,2,0,0,0,2019-12-19,no,no,,,,,
60421,NYE15,"15% off - Instagram Code for Gold Bar Launch/NY",publish,"2020-01-01 10:14:06",5665,percent,15,yes,,,,,1,0,0,0,2020-01-08,no,no,,,,,
60523,NEWYEAR,"15% off - Email Code for Gold Bar 01/02/2020",publish,"2020-01-02 06:45:15",5673,percent,15,yes,,,,,64,0,0,0,2020-01-13,no,no,,,,,
60524,24k,"15% off - Text code for Gold Bar",publish,"2020-01-02 06:51:30",5673,percent,15,yes,,,,,16,0,0,0,2020-01-13,no,no,,,,,
61766,ccell10,,publish,"2020-01-08 12:44:34",5665,percent,10,yes,,,,,424,0,1,0,2020-06-14,no,no,,,,150,
63577,MLK20,"MLK Day/M3B Launch ",publish,"2020-01-20 10:21:10",5665,percent,20,yes,,,,,18,0,1,0,2020-01-22,no,no,,,,,
67711,LOVE,"Email VDay Red Device Sale 2020",publish,"2020-02-14 00:01:35",5665,percent,15,yes,40960|64260|38286,SB-RD|UB-RD,,,1,0,1,0,2020-02-15,no,no,,,,,
67782,ROSE,"Insta VDay Red Device Sale 2020",publish,"2020-02-14 00:01:17",5665,percent,15,yes,40960|64260|38286,SB-RD|UB-RD,,,0,0,1,0,2020-02-15,no,no,,,,,
68660,PRESIDENTS20,,publish,"2020-02-19 09:55:29",5665,percent,20,yes,,,,,1,0,1,0,2020-02-21,no,no,,,,1000,
68661,POSTPRESFLASH,,publish,"2020-02-19 09:56:13",5665,percent,20,yes,,,,,3,0,1,0,2020-02-20,no,no,,,,1000,
68937,hamilton20,,publish,"2020-02-20 12:15:00",5665,percent,20,yes,,,,,14,0,0,0,2020-02-22,no,no,,,,1000,
72096,HELLOHAMILTON,,publish,"2020-03-09 22:55:24",5665,percent,20,yes,,,,,1,0,1,0,2020-11-10,no,no,,,,,
72418,HAMILTON10,,publish,"2020-03-11 17:49:47",5665,percent,10,yes,,,,,4067,0,1,0,,no,no,,,,150,
73085,GOLD20,,publish,"2020-03-16 15:30:48",5665,percent,20,yes,60257,GB-GD,,,1,0,1,0,2020-03-18,no,no,,,,,
73154,CUBE20,,publish,"2020-03-16 23:34:09",5665,percent,20,yes,71048,CU,,,12,0,1,0,2020-03-27,no,no,,,,,
73176,Lucky20,,publish,"2020-03-17 05:31:39",5665,percent,20,yes,60257,GB-GD,,,0,0,1,0,2020-03-18,no,no,,,,,
73177,STPATTYS,,publish,"2020-03-17 05:35:05",5665,percent,20,yes,60257,GB-GD,,,0,0,1,0,2020-03-18,no,no,,,,,
73625,NEWCUBE,,publish,"2020-03-19 10:24:52",5665,percent,20,yes,71048,CU,,,0,0,1,0,2020-03-27,no,no,,,,,
74600,GOTTACATCHEM,,publish,"2020-03-25 06:05:21",5665,percent,20,yes,,,,,3,0,1,0,2020-11-16,no,no,,,,,
77425,EASTER15,,publish,"2020-04-12 08:00:06",5665,percent,15,yes,,,,,72,0,1,0,2020-04-15,no,no,,,,,
78715,4204U,,publish,"2020-04-20 08:00:19",5665,percent,20,yes,,,,,23,0,1,0,2020-04-23,no,no,,,,,
79136,4202DAY,,publish,"2020-04-20 08:00:34",5665,percent,20,yes,,,,,77,0,1,0,2020-04-23,no,no,,,,,
81214,SCA15,,publish,"2020-04-28 14:02:34",5665,percent,15,yes,,,,,0,0,1,0,2020-04-29,no,no,,,,,
82833,fiesta15,,publish,"2020-05-05 08:00:01",5665,percent,15,yes,,,,,35,0,1,0,2020-05-06,no,no,,,,,
82834,cinco15,,publish,"2020-05-05 08:00:06",5665,percent,15,yes,,,,,14,0,1,0,2020-05-06,no,no,,,,,
83327,SLYNGCCELL,,publish,"2020-05-06 15:07:05",5665,percent,10,yes,,,,,737,0,1,0,2020-11-22,no,no,,,,150,
83852,TKSMOM,,publish,"2020-05-10 08:00:54",5665,percent,15,yes,,,,,24,0,1,0,2020-05-12,no,no,,,,,
84059,MOM15,,publish,"2020-05-10 08:00:55",5665,percent,15,yes,,,,,2,0,1,0,2020-05-12,no,no,,,,,
87163,MEMORIAL15,,publish,"2020-05-25 08:00:49",5665,percent,15,yes,,,,,55,0,1,0,2020-05-27,no,no,,,,,
87166,HAPPYMD,,publish,"2020-05-25 08:00:47",5665,percent,15,yes,,,,,14,0,1,0,2020-05-27,no,no,,,,,
90716,KR115,,publish,"2020-06-10 08:00:52",5665,percent,15,yes,,,,,53,0,1,0,2020-06-13,yes,no,,,,,
90749,NEWHEAT15,,publish,"2020-06-10 08:00:14",5665,percent,15,yes,,,,,27,0,1,0,2020-06-13,yes,no,,,,,
92013,FLAG15,,publish,"2020-06-14 08:00:22",5665,percent,50,yes,75663|75664|75662,CB-BL|CB-RD|CB-WT,,,1,0,1,0,2020-06-15,no,no,,,,,
92015,FLAGDAY,,publish,"2020-06-14 08:00:42",5665,percent,50,yes,75663|75664|75662,CB-BL|CB-RD|CB-WT,,,16,0,1,0,2020-06-15,no,no,,,,,
92019,FD15,,publish,"2020-06-14 08:00:40",5665,percent,50,yes,75663|75664|75662,CB-BL|CB-RD|CB-WT,,,1,0,1,0,2020-06-15,no,no,,,,,
93256,SUMMER15,,publish,"2020-06-20 08:00:11",5665,percent,15,yes,,,,,6,0,1,0,2020-06-21,no,no,,,,,
93257,SUMMERSHERE,,publish,"2020-06-20 08:00:57",5665,percent,15,yes,,,,,11,0,1,0,2020-06-21,no,no,,,,,
93258,TKSDAD,,publish,"2020-06-21 08:00:51",5665,percent,20,yes,,,,,69,0,1,0,2020-06-23,no,no,,,,,
93259,DAD20,,publish,"2020-06-21 08:00:55",5665,percent,20,yes,,,,,17,0,1,0,2020-06-23,no,no,,,,,
93260,FATHERSDAY,,publish,"2020-06-21 08:00:36",5665,percent,20,yes,,,,,28,0,1,0,2020-06-23,no,no,,,,,
96317,11KGIVEAWAY,,publish,"2020-07-01 08:00:56",5665,percent,15,yes,,,,,12,0,1,0,2020-07-03,no,no,,,,,
96471,HIGHTIMES2020,,publish,"2020-07-02 11:00:46",5665,percent,15,yes,,,,,17,0,1,0,2020-07-06,no,no,,,,,
97358,HAPPY4TH,,publish,"2020-07-04 08:00:27",5665,percent,20,yes,,,,,122,0,1,0,2020-07-08,no,no,,,,,
97361,JULY4TH,,publish,"2020-07-04 08:00:23",5665,percent,20,yes,,,,,20,0,1,0,2020-07-08,no,no,,,,,
98295,USACBD15,,publish,"2020-07-21 08:00:57",5665,percent,15,yes,,,,,23,0,1,0,2020-07-25,no,no,,,,,
99435,OIL,,publish,"2020-07-10 07:58:04",5665,percent,20,yes,,,89145|89153,KR1-BG|PS1-BC,18,0,1,0,2020-07-14,no,no,,,,,
99436,HAPPY710,,publish,"2020-07-10 07:58:11",5665,percent,20,yes,,,89145|89153,KR1-BG|PS1-BC,20,0,1,0,2020-07-14,no,no,,,,,
101503,TAXDAY,,publish,"2020-07-15 08:00:40",5665,percent,15,yes,,,,,21,0,1,0,2020-07-17,no,no,,,,,
101504,TAXDAY15,,publish,"2020-07-15 08:00:28",5665,percent,15,yes,,,,,4,0,1,0,2020-07-17,no,no,,,,,
101506,TAX15,,publish,"2020-07-15 08:00:04",5665,percent,15,yes,,,,,12,0,1,0,2020-07-17,no,no,,,,,
102442,FENIX20,,publish,"2020-07-17 13:37:30",5665,percent,20,yes,,,,,2,0,1,0,2020-07-20,no,no,,,,,
105891,BUBBLERS,,publish,"2020-07-30 12:29:14",5665,percent,15,yes,,,,,8,0,1,0,2020-08-03,no,yes,,,,,
105892,BUBBLER15,,publish,"2020-07-30 12:29:45",5665,percent,15,yes,,,,,17,0,1,0,2020-08-03,no,yes,,,,,
106814,GIVEAWAYAUG15,,publish,"2020-08-10 12:20:45",5665,percent,15,yes,,,,,21,0,1,0,2020-09-01,no,no,,,,,
107495,PB120,,publish,"2020-08-19 08:00:44",5665,percent,20,yes,103862,PB1-BK,,,30,0,1,0,2020-08-24,no,no,,,,,
107496,NEW20,,publish,"2020-08-19 08:00:54",5665,percent,20,yes,103862,PB1-BK,,,7,0,1,0,2020-08-24,no,no,,,,,
107497,PIPE20,,publish,"2020-08-19 08:00:45",5665,percent,20,yes,103862,PB1-BK,,,4,0,1,0,2020-08-24,no,no,,,,,
108684,LABOR20,,publish,"2020-09-03 08:00:39",5665,percent,20,yes,,,,,345,0,1,0,2020-09-09,no,no,,,,,
108685,LBD20,,publish,"2020-09-03 08:00:52",5665,percent,20,yes,,,,,24,0,1,0,2020-09-09,no,no,,,,,
109591,PD25,,publish,"2020-09-11 08:00:08",5665,percent,25,yes,103862,PB1-BK,,,9,0,1,0,2020-09-14,no,no,,,,,
109593,PATRIOT25,,publish,"2020-09-11 08:00:21",5665,percent,25,yes,103862,PB1-BK,,,1,0,1,0,2020-09-14,no,no,,,,,
110300,EQUINOX20,,publish,"2020-09-22 08:00:42",5665,percent,20,yes,,,,,32,0,1,0,2020-09-28,no,no,,,,,
110302,EQUINOX2020,,publish,"2020-09-22 07:50:17",5665,percent,20,yes,,,,,6,0,1,0,2020-09-28,no,no,,,,,
112105,SHIV,,publish,"2020-10-15 08:00:53",5665,percent,15,yes,,,,,119,0,1,0,2020-10-19,no,no,,,,,
112107,SHIV15,,publish,"2020-10-15 07:58:41",5665,percent,15,yes,,,,,11,0,1,0,2020-10-19,no,no,,,,,
112108,THESHIV,,publish,"2020-10-15 07:50:59",5665,percent,15,yes,,,,,8,0,1,0,2020-10-19,no,no,,,,,
112637,DAYPIPE15,,publish,"2020-10-21 07:55:18",5665,percent,15,yes,,,,,5,0,1,0,2020-10-26,no,no,,,,,
112639,NEW15,,publish,"2020-10-21 08:00:59",5665,percent,15,yes,,,,,6,0,1,0,2020-10-26,no,no,,,,,
113487,HALLOWEEN20,,publish,"2020-10-31 07:55:31",5665,percent,20,yes,,,,,6,0,1,0,2020-11-03,no,no,,,,,
113488,HAPPYHALLOWEEN,,publish,"2020-10-31 08:00:13",5665,percent,20,yes,,,,,12,0,1,0,2020-11-03,no,no,,,,,
114338,VETS,,publish,"2020-11-11 07:50:50",5665,percent,15,yes,,,,,104,0,1,0,2020-11-16,no,no,,,,,
114339,VETERAN,,publish,"2020-11-11 07:55:47",5665,percent,15,yes,,,,,15,0,1,0,2020-11-16,no,no,,,,,
114340,VETERAN15,,publish,"2020-11-11 08:00:33",5665,percent,15,yes,,,,,4,0,1,0,2020-11-16,no,no,,,,,
115910,HDCyberMonday,,publish,"2020-11-30 07:00:19",5665,percent,20,yes,,,,,263,0,1,0,2020-12-05,no,no,,,,,
117210,GREENMONDAY,,publish,"2020-12-14 13:03:08",5665,percent,15,yes,,,,,104,0,1,0,2020-12-17,no,no,,,,,
117329,HAPPYVAPING20,,publish,"2020-12-15 10:08:34",5665,percent,20,yes,,,,,7,0,1,0,2021-06-02,no,no,,,,,
117859,WINTERHD,,publish,"2020-12-21 08:38:01",5665,percent,15,yes,,,,,77,0,1,0,2020-12-23,no,no,,,,,
118128,CHRISTMAS,,publish,"2020-12-24 07:46:39",5665,percent,22,yes,,,,,433,0,1,0,2021-01-01,no,no,,,,,
120086,HD10,,publish,"2021-01-06 12:16:45",5665,percent,10,yes,,,,,782,0,1,0,,no,no,,,,,
120144,CCELLSLYNG21,,draft,"2021-01-07 06:25:29",5665,percent,10,yes,,,,,1024,0,1,0,,no,no,,,,150,
120862,HDCS1,,publish,"2021-08-30 01:40:11",5665,percent,20,yes,,,,,0,0,1,0,2021-11-03,no,no,,,,,
121453,Dankcitywinner2021,,publish,"2021-01-20 10:58:25",5665,fixed_cart,250,yes,,,,,0,1,1,0,2021-06-01,no,no,,,,,
121713,welcome2021,,publish,"2021-01-22 10:58:00",5665,percent,10,yes,,,,,3177,0,1,0,,no,no,,,,150,
121730,CCELL2021,,publish,"2021-01-22 12:47:31",5665,percent,10,yes,,,,,1,0,1,0,2021-06-02,no,no,,,,150,
123117,"SUPER BOWL",,publish,"2021-02-07 11:50:31",8537,percent,15,yes,,,,,62,0,1,0,2021-02-09,no,no,,,,,
123266,superbowl,,publish,"2021-02-07 11:40:58",8537,percent,15,yes,,,,,22,0,1,0,2021-02-09,no,no,,,,,
124332,merryjane,,draft,"2021-02-17 10:47:15",8537,percent,15,yes,,,,,0,0,1,0,2021-03-01,no,no,,,,,
125999,BACKINSTOCK,,publish,"2021-03-05 06:48:52",8537,percent,15,yes,,,,,78,0,1,0,2021-03-08,no,no,,,,,
126032,Woman,,publish,"2021-03-07 23:50:02",8537,percent,15,yes,,,,,31,0,1,0,2021-03-09,no,no,,,,,
127280,SAINT,,publish,"2021-03-17 08:29:23",8537,percent,15,yes,,,,,149,0,1,0,2021-03-21,no,no,,,,,
128361,WATER,,publish,"2021-03-22 11:33:36",8537,percent,15,yes,,,,,191,0,1,0,2021-03-27,no,no,,,,,
129265,md2,,publish,"2021-05-31 08:10:46",8537,percent,15,yes,,,,,183,0,1,0,2021-06-03,no,no,,,,,
129348,HDCCELLPLUS,,publish,"2021-05-31 15:42:30",8537,percent,15,yes,,,,,2,0,1,0,2021-06-03,no,no,,,,,
132343,FINAL,,publish,"2021-07-10 01:27:55",8537,percent,20,yes,,,,,77,0,1,0,2021-07-12,no,no,,,,,
132713,BIRTHDAY,,publish,"2021-07-15 08:51:03",8537,percent,15,yes,,,,,761,0,1,0,,no,no,,,,300,
133193,SURPRISE,,publish,"2021-07-23 05:54:11",8537,percent,15,yes,,,,,43,0,1,0,2021-07-26,no,no,,,,,
133625,FRIEND,,publish,"2021-07-30 06:09:30",8537,percent,15,yes,,,,,39,0,1,0,2021-08-01,no,no,,,,,
134545,RELAX,,publish,"2021-08-14 12:33:08",8537,percent,15,yes,,,,,39,0,1,0,2021-08-17,no,no,,,,,
134886,FLASH,,publish,"2021-08-20 06:13:41",8537,percent,15,yes,,,,,33,0,1,0,2021-08-23,no,no,,,,,
135089,TOPTREE,,publish,"2021-08-24 01:00:50",8537,percent,20,yes,89153,PS1-BC,,,0,0,1,0,2021-10-02,no,no,,,,,
135216,TOP,,publish,"2021-08-25 00:24:08",8537,percent,15,yes,,,,,16,0,1,0,2021-08-27,no,no,,,,,
135391,BEACH,,publish,"2021-08-29 23:33:04",8537,percent,15,yes,,,,,36,0,1,0,2021-09-01,no,no,,,,,
136286,GAME,,publish,"2021-09-11 22:39:28",8537,percent,10,yes,,,,,83,0,1,0,2025-02-14,no,no,,,,,
136680,FREEDOM,,publish,"2021-09-17 02:30:46",8537,percent,15,yes,,,,,42,0,1,0,2021-09-20,no,no,,,,,
137028,EQUINOX,,publish,"2021-09-22 10:10:27",8537,percent,15,yes,,,,,59,0,1,0,2021-09-25,no,no,,,,,
137468,SEPTEMBER,,publish,"2021-09-29 00:50:48",8537,percent,15,yes,,,,,0,0,1,0,2021-09-30,no,no,,,,,
140250,GIVEAWAY,,publish,"2021-11-07 04:58:40",8537,percent,15,yes,,,,,0,0,1,0,2023-06-26,no,no,,,,,
140319,time,,publish,"2021-11-08 05:46:47",8537,percent,15,yes,,,,,39,0,1,0,2021-11-10,no,no,,,,,
141085,LISTO,,publish,"2021-11-18 07:40:42",8537,percent,15,yes,139550,DS2710-U,,,7,0,1,0,2021-11-20,no,no,,,,,
141282,CELSIUS,,publish,"2021-11-21 08:26:56",8537,percent,15,yes,139540,ACK-CGY,,,0,0,1,0,2021-11-23,no,no,,,,,
144763,2022,,publish,"2021-12-31 01:47:10",8537,percent,22,yes,,,,,47,0,1,0,2022-01-02,no,no,ccell,,,,
145146,GIFT,,publish,"2022-01-04 10:16:07",8537,fixed_cart,50,yes,,,,,0,0,1,0,2022-01-07,no,no,,,401,,
146300,MLK,,publish,"2022-01-16 02:12:59",8537,percent,15,yes,,,,,4,0,1,0,2022-01-20,no,no,,,,,
149850,CARNIVAL,,publish,"2022-03-01 03:47:39",8537,percent,15,yes,,,,,54,0,1,0,2022-03-04,no,no,,,,,
151227,H032022,,publish,"2022-03-16 23:48:51",8537,percent,10,yes,,,,,296,0,1,0,2024-02-06,no,no,,,,,
153270,cube25,,publish,"2022-04-15 00:32:38",8537,percent,25,yes,71048|73136|73138,CU|CU-GM|CU-RD,,,2,0,1,0,2022-04-17,no,no,,,,,
153708,420BEST,,publish,"2022-04-20 03:09:23",8537,percent,20,yes,,,,,123,0,1,0,2022-04-22,no,no,,,,,
154017,HARBORCITYHEMP,,publish,"2022-04-22 11:00:15",8537,percent,20,yes,,,,,27,0,0,0,,no,no,,,,,
154648,LASTDAY,,publish,"2022-04-30 02:27:46",8537,percent,20,yes,,,,,99,0,1,0,2022-05-01,no,no,,,,,
155304,MAYO,,publish,"2022-05-05 07:21:27",8537,percent,15,yes,,,,,36,0,1,0,2022-05-08,no,no,,,,,
158311,hdfr,,publish,"2022-06-11 09:44:25",8537,percent,20,yes,,,,,23,0,0,0,,no,no,,,,,
158312,hdvet,,publish,"2022-06-11 09:44:55",8537,percent,20,yes,,,,,731,0,0,0,2024-07-02,no,no,,,,,
159858,Chrissy15,,publish,"2022-07-01 08:06:02",8537,percent,15,yes,,,,,215,0,1,0,2023-08-27,no,no,"Vape Accessories,Packaging,Vaporizers",,,,
159859,DC15,,publish,"2022-07-01 08:07:12",8537,percent,15,yes,,,,,1,0,1,0,2023-06-26,no,no,,"Vape Accessories,Packaging,Vaporizers",,,
160081,INDEPENDENCE,,publish,"2022-07-03 22:19:01",8537,percent,15,yes,,,,,31,0,1,0,2022-07-07,no,no,"CCELL® &amp; Vape Batteries,Vaporizers",,,,
160685,hippyzorn15,,publish,"2022-07-10 07:17:16",8537,percent,15,yes,,,,,2,0,0,0,2023-06-26,no,no,"Vape Accessories,Packaging,Vaporizers",,,,
160686,Sharp15,,publish,"2022-07-10 07:18:11",8537,percent,15,yes,,,,,13,0,1,0,2023-06-20,no,no,"Vape Accessories,Packaging,Vaporizers",,,,
160687,BEST710,,publish,"2022-07-10 07:19:23",8537,percent,18,yes,,,,,112,0,1,0,2022-07-12,no,no,,,,,
160943,CCELL,,publish,"2022-07-12 07:28:04",8537,percent,17,yes,,,,,34,0,1,0,2022-07-16,no,no,"CCELL® Disposables",,,,
160965,herecomepeepaw15,,publish,"2022-07-12 10:15:24",8537,percent,15,yes,,,,,2,0,1,0,2023-06-26,no,no,"Vape Accessories,Packaging,Vaporizers",,,,
160968,thebudlabca15,,publish,"2022-07-12 10:16:13",8537,percent,15,yes,,,,,6,0,1,0,2023-06-26,no,no,"Vape Accessories,Packaging,Vaporizers",,,,
161339,HD,,publish,"2022-07-16 06:59:42",8537,percent,16,yes,,,,,3,0,1,0,2022-07-18,no,no,"Packaging,Vaporizers",,,,
161414,Granny420,,publish,"2022-07-16 20:21:36",8537,percent,15,yes,,,,,5,0,1,0,2023-06-26,no,no,"Vape Accessories,Packaging,Vaporizers",,,,
161521,last,,publish,"2022-07-18 06:05:48",8537,percent,18,yes,,,,,37,0,1,0,2022-07-19,no,no,,,,,
163924,Jessup,,publish,"2022-08-12 10:50:48",8537,percent,15,yes,,,,,2845,0,1,0,2024-05-30,no,no,,,,,
165171,Drenched15,,publish,"2022-08-26 10:31:37",8537,percent,15,yes,111743|205700|185968|206919,DP,,,770,0,1,0,2024-06-11,no,no,"Auxo Vape,CCELL® &amp; Vape Batteries,Packaging,Vape Accessories,Vaporizers",,,,
166131,Labor,,publish,"2022-09-05 03:28:05",8537,percent,15,yes,,,,,88,0,1,0,2022-09-08,no,no,,,,,
166374,laborday,,publish,"2022-09-07 04:45:22",8537,percent,15,yes,,,,,10,0,1,0,2022-09-08,no,no,,,,,
166825,Patriot,,publish,"2022-09-12 03:29:37",8537,percent,15,yes,,,,,25,0,1,0,2022-09-15,no,no,"CCELL® Vape Cartridges",,,,
167621,FALL,,publish,"2022-09-22 02:53:01",8537,percent,15,yes,,,,,3,0,1,0,2022-09-25,no,no,"CCELL® Disposables",,,,
167634,koalapuffs15,,publish,"2022-09-21 11:31:53",8537,percent,15,yes,,,,,0,0,1,0,2023-06-26,no,no,"Vape Accessories,Packaging,Vaporizers",,,,
169777,Croptober,,publish,"2022-10-15 06:46:06",8537,percent,19,yes,,,,,91,0,1,0,2022-10-17,no,no,,,,,
170063,HD19,,publish,"2022-10-17 13:38:47",8537,percent,19,yes,,,,,2,0,1,0,2022-10-19,no,no,,,,,
170186,2cowgirls,,publish,"2022-10-18 15:55:27",8537,percent,15,yes,,,,,4,0,1,0,2023-08-27,no,no,"Vape Accessories,Packaging,Vaporizers",,,,
170576,Sima,,publish,"2022-10-23 07:44:56",8537,percent,16,yes,163263,,,,4,0,1,0,2022-10-25,no,no,,,,,
170818,DAYPIPE,,publish,"2022-10-25 12:46:36",8537,percent,16,yes,111743,DP,,,0,0,1,0,2022-10-27,no,no,,,,,
170819,NEW,,publish,"2022-10-26 12:49:30",8537,percent,16,yes,163041|163263|159762|159770,DS4020-UGY|ZC-0.5|ZC-1.0,,,1,0,1,0,2022-10-29,no,no,,,,,
171261,HALLOWEEN,,publish,"2022-10-30 14:43:40",8537,percent,19,yes,,,,,65,0,1,0,2022-11-02,no,no,,,,,
173486,DISPOSABLES,,publish,"2022-11-23 07:11:33",8537,percent,20,yes,,,,,14,0,1,0,2022-11-25,no,no,"CCELL® Disposables",,,,
173640,black,,publish,"2022-11-25 00:46:11",8537,percent,20,yes,,,,,170,0,1,0,2022-11-28,no,no,,,,,
174109,CYBER,,publish,"2022-11-28 03:02:31",8537,percent,18,yes,,,,,52,0,1,0,2022-11-30,no,no,,,,,
174601,CVR15,,publish,"2022-12-02 13:33:05",8537,percent,15,yes,,,,,1,0,1,0,2023-08-27,no,no,,,,,
174602,CVR20,,publish,"2022-12-02 13:33:47",8537,percent,20,yes,,,,,2,0,1,0,2023-06-26,no,no,,,,,
176188,wdsts15,,publish,"2022-12-19 11:27:11",8537,percent,15,yes,,,,,36,0,1,0,,no,no,,,,,
177420,ny,,publish,"2022-12-31 03:44:28",8537,percent,23,yes,,,,,7,0,1,0,2023-01-02,no,no,"Vape Accessories,Auxo Vape,Kits,Pipes,Vaporizers",,,250,
178110,CCELL,,publish,"2023-01-09 01:00:39",8537,percent,15,yes,,,,,13,0,1,0,2023-01-11,no,no,"CCELL® Vape Cartridges",,,,
183114,LOS15,,publish,"2023-03-09 04:45:41",8537,percent,15,yes,,,,,43,0,1,0,2023-08-27,no,no,"Vape Accessories,Packaging,Vaporizers",,,,
183799,lucky,,publish,"2023-03-17 01:42:30",8537,percent,15,yes,,,,,37,0,1,0,2023-03-20,no,no,,,,,
185086,Frank15,,publish,"2023-04-03 13:34:28",8537,percent,15,yes,,,,,0,0,0,0,2023-04-11,no,no,,,,,
185476,bunny20,,publish,"2023-04-09 00:01:58",8537,percent,20,yes,147641,,,,3,0,1,0,2023-04-11,no,no,,,,,
185627,cube25,,publish,"2023-04-11 02:39:18",8537,percent,25,yes,71048,CU,,,1,0,1,0,2023-04-13,no,no,,,,,
185777,420,,publish,"2023-04-13 07:36:23",8537,percent,20,yes,,,,,255,0,1,0,2023-05-01,no,no,,,,,
185808,Backstage,,publish,"2023-04-13 12:54:04",8537,percent,15,yes,,,,,0,0,1,0,2023-06-26,no,no,"Vape Accessories,Packaging,Vaporizers",,,,
185898,Jordan15,,publish,"2023-04-14 14:36:26",8537,percent,15,yes,,,,,1,0,1,0,2023-06-01,no,no,"ccell,CCELL TH2-EVO with Screw-On Mouthpiece,CCELL TH2Y EVO with Press-On Mouthpiece,CCELL® &amp; Vape Batteries,CCELL® 0.3ml,CCELL® 0.5ml,CCELL® 0.5ml Glass,CCELL® 0.5ml Poly,CCELL® 1.0ml Glass,CCELL® 1.0ml Polycarbonate Carts,CCELL® Disposables,CCELL® M3,CCELL® M3B,CCELL® Palm,CCELL® Pike,CCell® Pod Systems,CCELL® Silo,CCELL® TH205-Y,CCELL® TH210-Y,CCELL® Vape Cartridges",,,,
186129,CHECKOUT,,publish,"2023-04-17 10:48:56",8537,percent,30,yes,27980|28108|28104|163048|165712,GD03-VP-SFM|KITPBL|DM-BK|M3P-YL,,,0,0,1,0,2023-04-19,no,no,,,,,
186139,HD420,,publish,"2023-04-17 13:13:07",8537,percent,20,yes,,,,,1,0,1,0,2023-06-26,no,no,,,,,
187490,gift2k23giveway,,publish,"2023-05-03 14:01:53",8537,fixed_cart,100,yes,,,,,0,1,1,0,,no,yes,,,,,pablofranciscofj@gmail.com
187589,mayo,,publish,"2023-05-05 06:33:55",8537,percent,15,yes,,,,,43,0,1,0,2023-05-08,no,no,,,,,
188210,mother,,publish,"2023-05-14 01:51:56",8537,percent,15,yes,,,,,37,0,1,0,2023-05-17,no,no,,,,,
189251,comeback10,,publish,"2023-05-26 08:44:22",8537,percent,10,yes,,,,,470,0,0,0,,no,no,,,,,
189339,md15,,publish,"2023-05-27 14:43:54",8537,percent,15,yes,,,,,84,0,1,0,2023-06-01,no,no,,,,,
189555,ddj15,,publish,"2023-05-30 08:33:16",8537,percent,15,yes,,,,,0,0,1,0,2023-06-26,no,no,"Vape Accessories,Packaging,Vaporizers",,,,
190823,father,,publish,"2023-06-17 11:26:36",8537,percent,15,yes,,,,,38,0,1,0,2023-06-21,no,no,,,,,
191464,pizzabryan10off,,publish,"2023-06-26 14:50:05",8537,percent,10,yes,,,,,0,0,1,0,2023-07-27,no,no,,,,,
191656,dopeasusual,,publish,"2023-06-30 09:48:46",8537,percent,15,yes,,,,,386,0,1,0,2023-11-30,no,no,,,,,
191707,summer,,publish,"2023-07-01 01:06:56",8537,percent,15,yes,,,,,12,0,1,0,2023-07-02,no,no,,,,,
191858,independence,,publish,"2023-07-03 12:22:01",8537,percent,15,yes,,,,,40,0,1,0,2023-07-07,no,no,,,,,
193192,closeout,,publish,"2023-07-24 10:39:38",8537,percent,20,yes,28010|27971|27824|143139|28104|114880|64262|64261|64260,GD03-VP-WCM|GD05-VP-CRFM|SKU-M6T05S-CF|DS2603-MBK|KITPBL|TH205Y-WCM|UB-BL|UB-GY|UB-RD,,,2,0,1,0,2023-07-26,no,no,,,,,
193431,710,,publish,"2023-07-27 11:47:50",8537,percent,18,yes,,,,,33,0,1,0,2023-07-30,no,no,,,,,
194817,Flash,,publish,"2023-08-20 01:27:04",8537,percent,15,yes,,,,,21,0,1,0,2023-08-23,no,no,"CCELL® Vape Cartridges",,,,
195836,labor,,publish,"2023-09-03 23:34:48",8537,percent,15,yes,,,,,42,0,1,0,2023-09-06,no,no,ccell,,,,
196288,patriot,,publish,"2023-09-11 02:32:33",8537,percent,12,yes,,,,,6,0,1,0,2023-09-13,no,no,"CCELL® Vape Cartridges",,,,
198812,dropday,,publish,"2023-10-15 09:05:23",8537,percent,17,yes,,,,,51,0,1,0,2023-10-18,no,no,,,,,
199052,crop17,,publish,"2023-10-18 01:24:35",8537,percent,17,yes,,,,,23,0,1,0,2023-10-20,no,no,"CCELL® Vape Cartridges",,,,
200042,halloween,,publish,"2023-10-29 13:03:48",8537,percent,18,yes,,,,,40,0,0,0,2023-11-02,no,no,ccell,,,,
201014,veteran,,publish,"2023-11-10 04:35:25",8537,percent,15,yes,,,,,8,0,0,0,2023-11-12,no,no,"CCELL® Disposables",,,,
201771,dry25,,publish,"2023-11-22 02:35:44",8537,percent,25,yes,153977|194852|139540|158950|136515|192111|192130|192124|179834|179843|179850|179854|111743,ACK-CL-GY|ACK-CGY|ACK-CT-BK|ACK-BK|ACK-GL|DP,,,2,0,0,0,2023-11-24,no,no,,,,,
201773,disposable,,publish,"2023-11-23 01:00:56",8537,percent,20,yes,,,,,10,0,0,0,2023-11-25,no,no,"CCELL® Disposables",,,,
201878,Black20,,publish,"2023-11-23 11:32:38",8537,percent,20,yes,,,,,258,0,0,0,2023-11-28,no,no,,,,,
202355,cyber18,,publish,"2023-11-27 01:05:09",8537,percent,18,yes,,,,,111,0,0,0,2023-12-01,no,no,,,,,
204416,starship,,publish,"2023-12-21 00:12:47",8537,percent,22,yes,147641,,,,8,0,0,0,2023-12-29,no,no,,,,,
204480,Disposable,,publish,"2023-12-22 02:32:03",8537,percent,22,yes,,,,,9,0,0,0,2023-12-24,no,no,"CCELL® Disposables",,,,
204581,winter,,publish,"2023-12-23 09:25:58",8537,percent,22,yes,,,,,97,0,0,0,2023-12-27,no,no,,,,,
205174,2024,,publish,"2023-12-31 02:01:18",8537,percent,20,yes,,,,,31,0,0,0,2024-01-03,no,no,"CCELL® Vape Cartridges",,,,
206683,ty10,,publish,"2024-01-22 12:38:58",8537,percent,10,yes,,,,,14,0,0,0,2024-01-25,no,no,,,,,
207347,Flash,,publish,"2024-01-31 09:18:55",8537,percent,15,yes,,,,,7,0,0,0,2024-02-02,no,no,"CCELL® Vape Cartridges",,,,
208144,gameday,,publish,"2024-02-10 00:40:08",8537,percent,15,yes,,,,,12,0,0,0,2024-02-13,no,no,"CCELL® &amp; Vape Batteries,Vaporizers",,,,
208324,Gabe20,,publish,"2024-02-12 17:59:39",8537,percent,20,yes,,,,,2,0,0,0,2024-07-01,no,no,,,,,
208366,valentine,,publish,"2024-02-13 10:29:40",8537,percent,15,yes,,,,,96,0,0,0,2024-02-19,no,no,,,,,
208823,president,,publish,"2024-02-19 01:42:06",8537,percent,15,yes,,,,,76,0,0,0,2024-02-22,no,no,,,,,
209744,WELCOMEBACK10,,publish,"2024-03-02 01:59:31",8537,percent,10,yes,,,,,193,0,1,0,,no,no,,,,,
210075,vip10,,publish,"2024-03-07 02:58:36",8537,percent,10,yes,,,,,3,0,0,0,,no,no,ccell,,,,
210196,woman,,publish,"2024-03-08 07:24:36",8537,percent,12,yes,,,,,5,0,0,0,2024-03-10,no,no,,,,,
210384,daylight,,publish,"2024-03-11 05:05:57",8537,percent,15,yes,,,,,21,0,0,0,2024-03-13,no,no,,,,,
210735,patrick,,publish,"2024-03-16 13:59:33",8537,percent,15,yes,,,,,39,0,0,0,2024-03-20,no,no,,,,,
211396,HDVIP,,publish,"2024-03-27 14:44:21",8537,percent,15,yes,,,,,0,0,1,0,,no,no,,,,,
211548,EASTER15,,publish,"2024-03-30 02:04:43",8537,percent,15,yes,,,,,8,0,0,0,2024-04-02,no,no,"CCELL® Disposables",,,,
212190,cartridge,,publish,"2024-04-09 07:59:45",8537,percent,22,yes,,,,,33,0,0,0,2024-04-13,no,no,"CCELL® Vape Cartridges",,,,
212410,pen,,publish,"2024-04-12 08:42:48",8537,percent,30,yes,,,,,4,0,0,0,2024-04-14,no,no,"Vape Pen",,,,
212649,auxo,,publish,"2024-04-16 04:52:29",8537,percent,30,yes,,,,,1,0,0,0,2024-04-18,no,no,"Auxo Vape",,,,
212656,m3plus,,publish,"2024-04-16 06:16:10",8537,fixed_cart,0,yes,,,,,3,0,0,0,2024-04-20,no,no,,,,,
212854,420,,publish,"2024-04-19 01:30:33",8537,percent,22,yes,,,213635,CE-HD,191,0,0,0,2024-05-01,no,no,,,,,
213731,vape,,publish,"2024-04-25 08:14:36",8537,percent,21,yes,,,,,10,0,0,0,2024-04-28,no,no,"CCELL® &amp; Vape Batteries,Dry Herbs,Vaporizers",,,,
213750,SHIV20,,publish,"2024-04-25 11:53:42",8537,percent,20,yes,140678,,,,0,0,0,0,,no,no,,,,,
214172,Kris22,,publish,"2024-05-01 12:12:33",8537,percent,22,yes,,,,,1,2,2,0,,no,no,,,,,
214411,Mayo,,publish,"2024-05-06 10:00:28",8537,percent,15,yes,,,213635,CE-HD,5,0,0,0,2024-05-08,no,no,,,,,
214700,Mother,,publish,"2024-05-11 08:35:34",8537,percent,15,yes,,,,,32,0,0,0,2024-05-14,no,no,,,,,
215439,MD15,,publish,"2024-05-24 12:06:25",8537,percent,15,yes,,,,,63,0,0,0,2024-05-28,no,no,,,,,
215801,vaporizer,,publish,"2024-05-30 04:39:12",8537,percent,15,yes,,,,,8,0,0,0,2024-06-03,no,no,"CCELL® &amp; Vape Batteries,Vaporizers",,,,
215872,Jessup15,,publish,"2024-05-31 12:01:08",8537,percent,15,yes,,,,,11,0,0,0,,no,no,"Concentrate / Dry herb vaporizers,Dry Herbs,Kits,Packaging,Pipes,Vape Accessories,Vape Pen,Vaporizers",,,,
216520,father,,publish,"2024-06-12 10:14:11",8537,percent,15,yes,,,,,72,0,0,0,2024-06-18,no,no,,,,,
216527,Support15,,publish,"2024-06-12 11:46:42",8537,percent,15,yes,,,,,0,0,0,0,,no,no,"Concentrate / Dry herb vaporizers,Dry Herbs,Kits,Packaging,Pipes,Vape Accessories,Vape Pen,Vaporizers",,,,
216667,RC22,,publish,"2024-06-14 11:45:33",8537,percent,22,yes,,,,,1,0,1,0,,no,no,"CCELL® Vape Cartridges",,,,
216669,SUPPORT,,publish,"2024-06-14 11:46:19",8537,percent,20,yes,,,,,1,0,1,0,,no,no,,,,,
216908,anniversary,,publish,"2024-06-18 07:10:52",8537,percent,18,yes,28214|27816|27904|27824|27830|216911,SKU-TH205SE-BP|SKU-TH205SE-WC|SKU-M6T05S-BR|SKU-M6T05S-CF|SKU-M6T05S-CR|M6T05S-SG,,,2,0,0,0,2024-06-23,no,no,,,,,
217281,Cassandra15,,publish,"2024-06-25 12:08:45",8537,percent,15,yes,,,,,5,0,0,0,2025-04-11,no,no,,,,300,
217565,independence,,publish,"2024-07-01 08:01:49",8537,percent,15,yes,,,,,47,0,0,0,2024-07-06,no,no,,,,,
217689,hdmilitary,,publish,"2024-07-03 04:25:58",8537,percent,20,yes,,,,,81,0,0,0,,no,no,,,,,
217924,710,,publish,"2024-07-08 01:59:57",8537,percent,18,yes,,,,,103,0,0,0,2024-07-23,no,no,,,,,
218152,disposables,,publish,"2024-07-11 06:52:25",8537,percent,17,yes,,,,,2,0,0,0,2024-07-13,no,no,"CCELL® Disposables",,,,
218517,vip18,,publish,"2024-07-18 08:35:26",8537,percent,18,yes,,,,,0,0,0,0,,no,no,"Concentrate / Dry herb vaporizers,Dry Herbs,Kits,Packaging,Pipes,Vape Accessories,Vape Pen,Vaporizers",,,,
218558,pen,,publish,"2024-07-19 06:19:16",8537,percent,16,yes,,,,,1,0,0,0,2024-07-21,no,no,"Vape Pen",,,,
218678,closeout,,publish,"2024-07-22 04:49:36",8537,percent,20,yes,,,,,3,0,0,0,2024-07-24,no,no,Deals,,,,
218701,William15,,publish,"2024-07-22 13:02:32",8537,percent,15,yes,,,,,1,1,1,0,,no,no,,,,,
218787,710,,publish,"2024-07-24 08:52:35",8537,percent,20,yes,,,,,1,0,0,0,2024-07-26,no,no,Deals,,,,
218972,710,,publish,"2024-07-29 01:41:32",8537,percent,18,yes,,,,,32,0,0,0,2024-08-01,no,no,,,,,
219422,CCELL15,,publish,"2024-08-03 10:07:48",22966,percent,15,yes,,,,,1,0,5,0,2024-11-01,no,no,ccell,,,500,
220006,Dylan15,,publish,"2024-08-19 11:45:01",5665,percent,15,yes,,,,,0,1,1,0,2024-11-20,no,no,,,,,
220008,Ccell15,,publish,"2024-08-19 11:51:45",5665,percent,15,yes,,,,,2,0,0,0,2024-11-20,no,no,ccell,,,,
220283,flash,,publish,"2024-08-25 19:28:23",8537,percent,15,yes,,,,,6,0,0,0,2024-08-30,no,no,"CCELL® Vape Cartridges",,,,
220452,Labor,,publish,"2024-08-30 11:00:31",5665,percent,15,yes,,,,,40,0,0,0,2024-09-04,no,no,,,,,
220694,Christian15,,publish,"2024-09-04 11:46:12",5665,percent,15,yes,,,,,1,1,1,0,,no,no,,,,,
221485,Kyle15,,publish,"2024-09-23 13:25:51",5665,percent,15,yes,,,,,1,1,1,0,,no,no,,,,,
221487,Daniel15,,publish,"2024-09-23 13:39:40",5665,percent,15,yes,,,,,2,3,0,0,,no,no,,,,,
222324,Vape,,publish,"2024-10-10 01:57:35",8537,percent,17,yes,,,,,5,0,0,0,2024-10-12,no,no,"CCELL® &amp; Vape Batteries,Vaporizers",,,,
222574,Cart12,,publish,"2024-10-15 03:34:25",8537,percent,12,yes,,,,,8,0,0,0,2024-10-19,no,no,"CCELL® Vape Cartridges",,,,
222840,disposables,,publish,"2024-10-21 09:14:47",8537,percent,12,yes,,,,,4,0,0,0,2024-10-26,no,no,"CCELL® Disposables",,,300,
222887,Billy20,,publish,"2024-10-22 10:01:02",8537,percent,20,yes,,,,,0,1,1,0,,no,no,,,,,
223173,Joe15,,publish,"2024-10-29 15:19:45",8537,percent,15,yes,,,,,0,1,1,0,,no,no,,,,,
223197,HALLOWEEN,,publish,"2024-10-30 11:40:36",5665,percent,12,yes,,,,,21,0,0,0,2024-11-02,no,no,,,,,
223241,JARROD15,,publish,"2024-10-31 12:35:14",5665,percent,15,yes,,,,,0,1,1,0,,no,no,,,,,
223689,Vet10,,publish,"2024-11-10 06:47:18",8537,percent,10,yes,,,,,11,0,0,0,2024-11-13,no,no,,,,,
223774,OUTDOOR50,,publish,"2024-11-12 05:31:33",8537,percent,50,yes,154783,ND-BK,,,3,0,0,0,,no,no,,,,,
224001,vaporizer,,publish,"2024-11-18 02:31:23",8537,percent,17,yes,,,,,7,0,0,0,2024-11-21,no,no,"Auxo Vape,CCELL® &amp; Vape Batteries,Vaporizers",,,,
224282,AUXO30,,publish,"2024-11-22 06:49:14",5665,percent,30,yes,,,,,3,0,0,0,2024-12-23,no,no,"Auxo Vape",,,,
224284,AUXO61,,publish,"2024-11-22 06:57:09",5665,percent,61,yes,158950,ACK-CT-BK,,,1,0,0,0,2024-12-23,no,no,,,,,
224397,cart12,,publish,"2024-11-25 05:40:50",5665,percent,12,yes,,,,,17,0,0,0,2024-11-28,no,no,"CCELL® Vape Cartridges",,,,
224502,green,,publish,"2024-11-27 11:34:01",5665,percent,20,yes,190313|194873|35857|205700|206788,PB-GY,,,6,0,0,0,2024-12-07,no,no,,,,,
224537,Disposable,,publish,"2024-11-28 03:44:51",5665,percent,14,yes,,,,,1,0,0,0,2024-12-03,no,no,"CCELL® Disposables",,,,
224581,Black,,publish,"2024-11-29 00:26:39",8537,percent,15,yes,,,,,77,0,0,0,2024-12-03,no,no,,,,,
224582,Cyber,,publish,"2024-11-29 00:33:38",8537,percent,15,yes,,,,,58,0,0,0,2024-12-08,no,no,,,,,
225244,Russ15,,publish,"2024-12-09 14:19:06",8537,percent,15,yes,,,,,0,1,1,0,,no,no,,,,,
225327,poche,,publish,"2024-12-11 06:21:03",5665,percent,25,yes,143123,DS2405-U-PBK,,,2,0,0,0,2025-02-05,no,no,,,,500,
225590,winter,,publish,"2024-12-17 03:53:50",5665,percent,15,yes,,,,,22,0,0,0,2025-01-03,no,no,"CCELL® Disposables",,,,
225706,james15,,publish,"2024-12-19 01:57:53",5665,percent,15,no,,,,,0,1,1,0,2025-01-19,no,no,,,,,
225925,Snow,,publish,"2024-12-21 08:21:07",8537,percent,15,yes,,,,,19,0,0,0,2025-01-03,no,no,"CCELL® Vape Cartridges",,,,
226025,Holiday,,publish,"2024-12-24 07:12:31",8537,percent,23,yes,,,,,48,0,0,0,2025-01-03,no,no,"CCELL® &amp; Vape Batteries,Vaporizers",,,,
226395,2025,,publish,"2025-01-01 09:48:36",5665,percent,15,yes,,,,,14,0,0,0,2025-01-04,no,no,"CCELL® Vape Cartridges",,,,
226932,Michel15,,publish,"2025-01-13 09:14:12",5665,percent,15,yes,,,,,1,1,1,0,2025-01-23,no,no,Vaporizers,,,,
227483,ccell,,publish,"2025-01-27 06:10:17",5665,percent,10,yes,,,,,2,0,0,0,2025-02-01,no,no,"CCELL® Disposables",,,,
227775,AKO137,,publish,"2025-02-04 08:35:47",5665,fixed_cart,137.97,yes,,,,,0,1,1,0,2026-02-04,no,no,,,,,
227846,valentine,,publish,"2025-02-06 12:26:47",5665,percent,15,yes,,,,,45,0,0,0,2025-02-19,no,no,,,,,
227978,conner50,,publish,"2025-02-10 07:11:22",8537,fixed_cart,50,yes,,,,,1,1,1,0,2025-07-23,no,no,,,,,
227979,jan47,,publish,"2025-02-10 07:12:54",8537,fixed_cart,47,yes,,,,,1,1,1,0,2025-03-10,no,no,,,,,
227997,HD5,,publish,"2025-02-10 12:25:38",5665,percent,5,yes,,,,,0,0,0,0,,no,no,,,,,
227998,HD10,,publish,"2025-02-10 12:26:44",5665,percent,10,yes,,,,,0,0,0,0,,no,no,,,,,
227999,HD15,,publish,"2025-02-10 12:27:11",5665,percent,15,yes,,,,,0,0,0,0,,no,no,,,,,
228000,HD20,,publish,"2025-02-10 12:27:43",5665,percent,20,yes,,,,,0,0,0,0,,no,no,,,,,
228001,HD25,,publish,"2025-02-10 12:28:22",5665,percent,25,yes,,,,,0,0,0,0,,no,no,,,,,
228002,HD30,,publish,"2025-02-10 12:29:11",5665,percent,30,yes,,,,,0,0,0,0,,no,no,,,,,
228056,president,,publish,"2025-02-11 03:07:43",8537,percent,12,yes,,,,,22,0,0,0,2025-02-21,no,no,,,,,
228689,dk30,,publish,"2025-02-25 12:50:37",5665,percent,30,yes,192111,,,,1,1,1,0,2025-03-25,no,no,,,,,
228734,SHARK10,,publish,"2025-02-26 11:52:52",5665,percent,10,yes,,,,,0,0,0,0,,no,no,,,,,
228961,mardi,,publish,"2025-03-04 02:02:01",8537,percent,10,yes,,,,,14,0,0,0,2025-03-07,no,no,,,,,
229548,chip15,,publish,"2025-03-13 11:09:24",8537,percent,15,yes,,,,,1,1,1,0,,no,no,,,,,
229756,lucky15,,publish,"2025-03-17 04:48:01",8537,percent,15,yes,,,,,45,0,0,0,2025-03-20,no,no,,,,,
229853,Ab70,,publish,"2025-03-18 11:09:44",8537,fixed_cart,70,yes,,,,,1,1,1,0,2025-04-19,no,no,,,,,
229905,alex15,,publish,"2025-03-19 07:51:17",8537,percent,15,yes,,,,,0,1,1,1,2025-04-19,no,no,,,,,
229948,ike111,,publish,"2025-03-20 10:12:04",8537,fixed_cart,111,yes,,,,,0,1,1,0,2025-04-20,no,no,,,,,
230240,TAI15,,publish,"2025-03-26 07:11:14",8537,fixed_cart,15,yes,,,,,0,1,1,0,2025-04-26,no,no,,,,,
230349,nomad25,,publish,"2025-03-28 16:05:30",5665,percent,25,yes,154783,ND-BK,,,1,0,0,0,,no,no,,,,,
230350,nomad30,,publish,"2025-03-28 16:07:15",5665,percent,0,yes,,,,,3,0,0,0,,no,no,,,,,
230438,combo,,publish,"2025-03-31 06:27:10",8537,percent,30,yes,,,,,3,0,0,0,2025-04-04,no,no,"Ccell battery,CCELL® Palm",,,,
230569,HARLEY15,,publish,"2025-04-03 01:03:00",8537,percent,15,yes,,,,,0,1,1,0,2025-05-03,no,no,,,,,
230644,ROY15,,publish,"2025-04-04 14:30:00",5665,percent,15,yes,,,,,0,1,1,0,2025-05-04,no,no,,,,,
230717,Offer25,,publish,"2025-04-06 07:32:22",5665,fixed_cart,0,yes,,,,,6,0,0,0,,no,no,,,,,
230718,Offer30,,publish,"2025-04-06 07:33:01",5665,percent,0,yes,,,,,1,0,0,0,,no,no,,,,,
231154,lori83,,publish,"2025-04-11 13:45:48",5665,fixed_cart,83,yes,,,,,0,1,1,0,,no,no,,,,,
231436,Cartridge,,publish,"2025-04-17 05:43:21",8537,percent,15,no,,,,,35,0,0,0,2025-04-26,no,no,"CCELL® Vape Cartridges",,,,
231437,420,,publish,"2025-04-17 05:48:49",8537,percent,15,no,,,,,36,0,0,0,2025-04-23,no,no,,,,,
231474,Mid15,,publish,"2025-04-18 06:02:36",8537,percent,15,yes,,,,,0,1,1,0,,no,no,,,,,
231576,Easter,,publish,"2025-04-20 00:12:58",8537,percent,15,yes,,,,,27,0,0,0,2025-04-23,no,no,,,,,
231768,div15,,publish,"2025-04-23 06:26:59",8537,percent,15,yes,,,,,0,0,0,0,2025-07-23,no,no,,,,,
231789,disposable,,publish,"2025-04-23 07:26:30",8537,percent,15,yes,,,,,5,0,0,0,2025-04-26,no,no,"CCELL® Disposables",,,,
231899,Lita35,,publish,"2025-04-25 12:04:03",8537,percent,35,yes,,,,,1,1,1,0,2025-08-01,no,no,,,,,
231936,420,,publish,"2025-04-26 11:15:17",5665,percent,15,yes,,,,,26,0,0,0,2025-04-29,no,no,"CCELL® &amp; Vape Batteries,Vaporizers",,,,
232109,420,,publish,"2025-04-30 08:05:21",8537,percent,15,yes,,,,,49,0,0,0,2025-05-03,no,no,,,,,
232331,Cinco,,publish,"2025-05-05 10:42:27",8537,percent,12,yes,,,,,22,0,0,0,2025-05-09,no,no,,,,,
232492,an15,,publish,"2025-05-09 01:15:57",8537,fixed_cart,7,yes,,,,,0,1,1,0,2025-06-23,no,no,,,,,
232493,de10,,publish,"2025-05-09 01:17:00",8537,fixed_cart,10,yes,,,,,0,1,1,0,2025-06-30,no,no,,,,,
232571,Mother,,publish,"2025-05-11 07:31:37",5665,percent,12,yes,,,,,46,0,0,0,2025-05-16,no,no,,,,,
233011,MD12,,publish,"2025-05-22 04:37:57",8537,percent,12,yes,,,,,56,0,0,0,2025-05-30,no,no,,,,,
233341,vape,,publish,"2025-05-30 07:44:36",8537,percent,10,yes,,,,,2,0,0,0,2025-06-02,no,no,"CCELL® Disposables",,,,
233545,5greg,,publish,"2025-06-04 14:03:41",5665,fixed_cart,67.99,yes,,,,,0,1,1,0,2027-06-01,no,no,,,,,
233687,Father,,publish,"2025-06-09 06:13:51",8537,percent,12,yes,,,,,0,0,0,0,2025-06-18,no,no,,,,,
